accuracy,f1_weighted,f1_macro,mae,kappa,experiment,seed
0.9336656441717791,0.9287594518253096,0.8337212497787041,0.1223159509202454,0.859876480712767,Exp1,42
0.9398006134969326,0.9356939254418605,0.8482402730397638,0.10927914110429447,0.8734891216760676,Exp2,42
0.9405674846625767,0.9365578542813838,0.8427155684215512,0.10467791411042945,0.8757689912960849,Exp3,42
0.9394171779141104,0.9362820665648003,0.8505507338001721,0.11503067484662577,0.874054447097788,Exp1,1337
0.942101226993865,0.9394065811242936,0.8591757391366613,0.1085122699386503,0.8800131867033668,Exp2,1337
0.9432515337423313,0.9405971287691749,0.8631361243531523,0.10889570552147239,0.8822110931843475,Exp3,1337
0.9428680981595092,0.9399727369568055,0.8664059300858359,0.10084355828220859,0.8807852627180599,Exp1,2024
0.9455521472392638,0.9427245836408313,0.8650667026460678,0.08895705521472393,0.8867661344101786,Exp2,2024
0.9474693251533742,0.945031209160873,0.8748285186132865,0.09010736196319018,0.890994182020093,Exp3,2024
